MUNCIPALITY,2024 POP,TOTAL ASSETS,2025 FLOOD RISK,% SHARE 2025,2050 FLOOD RISK,% SHARE 2050,CHANGE BY 2050,% RISK INCREASE,PRIORITY,FLOOD RISK STORY ANGLE (TORAL'S NOTES),,Links:,DATA NOTES (564 FIX)
NEWARK CITY,"317,303",802,119,14.8%,314,39.2%,195,24.4%,HIGH,Urban drainage limitations; combined sewer issues,,https://en.wikipedia.org/wiki/List_of_newspapers_in_New_Jersey,
JERSEY CITY,"302,824",686,281,41.0%,398,58.0%,117,17.0%,HIGH,Dense urban coastal flooding; infrastructure pressure,,RBD Hyperfocused Contact List ,
PATERSON CITY,"160,463",274,46,16.8%,97,35.4%,51,18.6%,MED,Passaic River flooding; historic severe events,,,
LAKEWOOD TWP,"141,985",233,14,6.0%,28,12.0%,14,6.0%,HIGH-POPULATION,,,,
ELIZABETH CITY,"140,413",253,49,19.4%,108,42.7%,59,23.3%,MED,Low elevation + port infrastructure vulnerability,,,
EDISON TWP,"110,002",164,9,5.5%,13,7.9%,4,2.4%,HIGH-POPULATION,,,,
WOODBRIDGE TWP,"106,101",219,46,21.0%,86,39.3%,40,18.3%,HIGH-POPULATION,,,,
TOMS RIVER TWP,"99,873",103,30,29.1%,34,33.0%,4,3.9%,HIGH-POPULATION,Shore towns with repeated storm damage history,,,
TRENTON CITY,"91,193",179,21,11.7%,41,22.9%,20,11.2%,HIGH-POPULATION,,,,
CLIFTON CITY,"90,322",174,11,6.3%,52,29.9%,41,23.6%,HIGH-POPULATION,,,,
CHERRY HILL TWP,"78,988",121,8,6.6%,12,9.9%,4,3.3%,HIGH-POPULATION,,,,
BRICK TWP,"76,629",65,11,16.9%,15,23.1%,4,6.2%,HIGH-POPULATION,,,,
BAYONNE CITY,"74,532",141,59,41.8%,86,61.0%,27,19.2%,HIGH,Peninsula geography; high exposure to rising water,,,
EAST ORANGE CITY,"71,850",103,5,4.9%,18,17.5%,13,12.6%,MED,Dense urban flooding; stormwater management gaps,,,
CAMDEN CITY,"71,749",295,113,38.3%,148,50.2%,35,11.9%,HIGH-POPULATION,,,,
PASSAIC CITY,"70,722",82,12,14.6%,20,24.4%,8,9.8%,HIGH-POPULATION,,,,
OLD BRIDGE TWP,"70,506",98,16,16.3%,19,19.4%,3,3.1%,HIGH-POPULATION,,,,
MIDDLETOWN TWP,"66,940",107,28,26.2%,36,33.6%,8,7.4%,HIGH,Bayshore flooding; repeated storm impact zones,,,
UNION CITY,"66,918",71,,0.0%,0,0.0%,0,0.0%,HIGH-POPULATION,,,,
GLOUCESTER TWP,"66,896",70,6,8.6%,9,12.9%,3,4.3%,HIGH-POPULATION,,,,
PISCATAWAY TWP,"62,733",100,5,5.0%,15,15.0%,10,10.0%,HIGH-POPULATION,River + dense infrastructure exposure,,,
VINELAND CITY,"62,070",136,6,4.4%,16,11.8%,10,7.4%,HIGH-POPULATION,,,,
IRVINGTON TWP,"61,838",90,7,7.8%,15,16.7%,8,8.9%,HIGH-POPULATION,Stormwater + drainage infrastructure gaps,,,
NORTH BERGEN TWP,"61,668",94,26,27.7%,37,39.4%,11,11.7%,HIGH-POPULATION,,,,
JACKSON TWP,"60,704",56,5,8.9%,10,17.9%,5,9.0%,HIGH-POPULATION,,,,
HOBOKEN CITY,"59,149",111,98,88.3%,106,95.5%,8,7.2%,HIGH,Chronic nuisance flooding; drainage system strain,,,
NEW BRUNSWICK CITY,"57,487",106,19,17.9%,26,24.5%,7,6.6%,MED,Raritan River flooding; university + density impact,,,
PERTH AMBOY CITY,"56,939",98,11,11.2%,20,20.4%,9,9.2%,HIGH-POPULATION,Raritan Bay flooding (coastal + river overlap),,,
PARSIPPANY-TROY HILLS TWP,"56,729",65,3,4.6%,14,21.5%,11,16.9%,HIGH-POPULATION,,,,
PLAINFIELD CITY,"56,507",96,29,30.2%,43,44.8%,14,14.6%,MED,Flash flooding; drainage system strain,,,
BLOOMFIELD TWP,"55,416",83,15,18.1%,46,55.4%,31,37.3%,HIGH-POPULATION,,,,
HOWELL TWP,"54,397",77,7,9.1%,14,18.2%,7,9.1%,HIGH-POPULATION,,,,
WAYNE TWP,"54,096",87,15,17.2%,26,29.9%,11,12.7%,MED,Repeated residential flooding; FEMA exposure,,,
WEST NEW YORK TOWN,"52,975",59,8,13.6%,9,15.3%,1,1.7%,HIGH-POPULATION,Dense urban coastal flooding; drainage + sea level rise,,,
EAST BRUNSWICK TWP,"51,086",67,2,3.0%,5,7.5%,3,4.5%,HIGH-POPULATION,,,,
WEST ORANGE TWP,"49,211",64,18,28.1%,35,54.7%,17,26.6%,,,,,
EVESHAM TWP,"49,050",42,,0.0%,5,11.9%,5,11.9%,,,,,
EGG HARBOR TWP,"48,538",77,6,7.8%,9,11.7%,3,3.9%,,,,,
SOUTH BRUNSWICK TWP,"47,896",84,14,16.7%,22,26.2%,8,9.5%,,,,,
MOUNT LAUREL TWP,"47,211",54,3,5.6%,11,20.4%,8,14.8%,,,,,
SAYREVILLE BORO,"47,165",85,15,17.6%,22,25.9%,7,8.3%,HIGH,River + bay convergence flooding,,,
BRIDGEWATER TWP,"46,871",97,16,16.5%,24,24.7%,8,8.2%,HIGH,Raritan River basin; historic flooding hotspots,,,
HACKENSACK CITY,"46,630",113,49,43.4%,67,59.3%,18,15.9%,MED,Hackensack River overflow; frequent flood zones,,,
MANCHESTER TWP,"46,252",40,6,15.0%,10,25.0%,4,10.0%,,,,,
HILLSBOROUGH TWP,"45,421",55,4,7.3%,5,9.1%,1,1.8%,LOW,"Some river exposure, but not high-impact",,,
LINDEN CITY,"45,393",164,45,27.4%,79,48.2%,34,20.8%,HIGH,Flash flooding + urban density challenges,,,
NORTH BRUNSWICK TWP,"45,323",52,1,1.9%,1,1.9%,0,0.0%,,,,,
BERKELEY TWP,"45,211",41,14,34.1%,17,41.5%,3,7.4%,,,,,
TEANECK TWP,"42,578",73,10,13.7%,18,24.7%,8,11.0%,,,,,
MARLBORO TWP,"41,852",69,8,11.6%,10,14.5%,2,2.9%,,,,,
MONTCLAIR TWP,"41,076",74,10,13.5%,25,33.8%,15,20.3%,LOW,More urban planning focus than flood risk,,,
KEARNY TOWN,"40,866",164,98,59.8%,105,64.0%,7,4.2%,HIGH,Urban flooding + combined sewer overflow issues,,,
MANALAPAN TWP,"40,762",45,3,6.7%,6,13.3%,3,6.6%,,,,,
FORT LEE BORO,"40,566",51,1,2.0%,1,2.0%,0,0.0%,,,,,
WINSLOW TWP,"40,458",71,8,11.3%,21,29.6%,13,18.3%,,,,,
ATLANTIC CITY,"38,959",175,163,93.1%,171,97.7%,8,4.6%,HIGH,Direct Atlantic Ocean exposure; storm surge + tourism/economic risk,,,
BELLEVILLE TWP,"38,672",47,8,17.0%,11,23.4%,3,6.4%,,,,,
GALLOWAY TWP,"38,347",56,,0.0%,1,1.8%,1,1.8%,,,,,
PENNSAUKEN TWP,"37,665",81,19,23.5%,24,29.6%,5,6.1%,,,,,
FAIR LAWN BORO,"36,489",51,10,19.6%,15,29.4%,5,9.8%,,,,,
EWING TWP,"35,858",88,17,19.3%,21,23.9%,4,4.6%,,,,,
FREEHOLD TWP,"35,800",71,6,8.5%,12,16.9%,6,8.4%,,,,,
CITY OF ORANGE TWP,"35,079",69,18,26.1%,28,40.6%,10,14.5%,,,,,
GARFIELD CITY,"33,530",60,7,11.7%,20,33.3%,13,21.6%,,,,,
LONG BRANCH CITY,"33,214",69,18,26.1%,40,58.0%,22,31.9%,HIGH,Oceanfront infrastructure + erosion risk,,,
DEPTFORD TWP,"32,570",53,1,1.9%,3,5.7%,2,3.8%,,,,,
WILLINGBORO TWP,"32,511",33,,0.0%,7,21.2%,7,21.2%,,,,,
WEST WINDSOR TWP,"32,241",50,11,22.0%,14,28.0%,3,6.0%,,,,,
LIVINGSTON TWP,"32,160",54,9,16.7%,20,37.0%,11,20.3%,LOW,Flooding not a core infrastructure concern,,,
WESTFIELD TOWN,"32,050",59,3,5.1%,5,8.5%,2,3.4%,LOW,Occasional flooding; not systemic,,,
VOORHEES TWP,"31,473",33,,0.0%,3,9.1%,3,9.1%,,,,,
PRINCETON,"31,445",67,14,20.9%,18,26.9%,4,6.0%,LOW,Limited coastal/river exposure relevance,,,
RAHWAY CITY,"30,763",75,26,34.7%,47,62.7%,21,28.0%,HIGH,Flash flooding + urban density challenges,,,
STAFFORD TWP,"30,585",40,9,22.5%,11,27.5%,2,5.0%,HIGH,Barrier island; extreme hurricane/storm exposure,,,
NUTLEY TWP,"30,508",38,7,18.4%,12,31.6%,5,13.2%,,,,,
EAST WINDSOR TWP,"30,436",29,7,24.1%,8,27.6%,1,3.5%,,,,,
ENGLEWOOD CITY,"30,221",66,24,36.4%,41,62.1%,17,25.7%,,,,,
LACEY TWP,"30,041",36,9,25.0%,10,27.8%,1,2.8%,,,,,
MOUNT OLIVE TWP,"29,499",35,3,8.6%,8,22.9%,5,14.3%,,,,,
BERGENFIELD BORO,"28,921",45,5,11.1%,9,20.0%,4,8.9%,,,,,
BERNARDS TWP,"28,718",27,1,3.7%,2,7.4%,1,3.7%,,,,,
NEPTUNE TWP,"28,210",63,6,9.5%,18,28.6%,12,19.1%,,,,,
MILLVILLE CITY,"27,838",65,10,15.4%,18,27.7%,8,12.3%,,,,,
BRIDGETON CITY,"27,722",66,13,19.7%,18,27.3%,5,7.6%,,,,,
PEMBERTON TWP,"27,333",61,9,14.8%,17,27.9%,8,13.1%,,,,,
ROCKAWAY TWP,"26,893",59,12,20.3%,20,33.9%,8,13.6%,,,,,
PARAMUS BORO,"26,786",85,16,18.8%,35,41.2%,19,22.4%,,,,,
RANDOLPH TWP,"26,780",31,6,19.4%,6,19.4%,0,0.0%,,,,,
WALL TWP,"26,722",59,3,5.1%,5,8.5%,2,3.4%,,,,,
RIDGEWOOD VILLAGE,"26,701",51,10,19.6%,16,31.4%,6,11.8%,,,,,
LODI BORO,"26,358",57,21,36.8%,30,52.6%,9,15.8%,,,,,
CLIFFSIDE PARK BORO,"26,183",21,,0.0%,0,0.0%,0,0.0%,,,,,
MAPLEWOOD TWP,"26,127",40,7,17.5%,10,25.0%,3,7.5%,,,,,
CARTERET BORO,"26,003",64,25,39.1%,33,51.6%,8,12.5%,,,,,
BARNEGAT TWP,"25,871",21,4,19.0%,5,23.8%,1,4.8%,HIGH,Back bay + tidal flooding; evacuation vulnerability,,,
MAHWAH TWP,"25,806",52,4,7.7%,9,17.3%,5,9.6%,,,,,
MEDFORD TWP,"25,294",45,4,8.9%,12,26.7%,8,17.8%,,,,,
RARITAN TWP,"25,288",44,6,13.6%,9,20.5%,3,6.9%,HIGH,Raritan River basin; historic flooding hotspots,,,
SCOTCH PLAINS TWP,"25,223",37,5,13.5%,10,27.0%,5,13.5%,,,,,
SOUTH PLAINFIELD BORO,"25,062",84,27,32.1%,35,41.7%,8,9.6%,,,,,
WEST MILFORD TWP,"24,990",58,13,22.4%,17,29.3%,4,6.9%,,,,,
PLAINSBORO TWP,"24,558",36,4,11.1%,9,25.0%,5,13.9%,,,,,
CRANFORD TWP,"24,513",32,7,21.9%,11,34.4%,4,12.5%,,,,,
MONTVILLE TWP,"24,456",40,10,25.0%,15,37.5%,5,12.5%,HIGH,Inland flooding tied to lakes/rivers + development,,,
BURLINGTON TWP,"24,392",30,3,10.0%,11,36.7%,8,26.7%,,,,,
GLASSBORO BORO,"24,322",34,,0.0%,1,2.9%,1,2.9%,,,,,
MONTGOMERY TWP,"24,254",41,11,26.8%,13,31.7%,2,4.9%,LOW,More policy-oriented than impact-driven,,,
MORRIS TWP,"23,727",45,4,8.9%,4,8.9%,0,0.0%,,,,,
ROXBURY TWP,"23,397",58,5,8.6%,15,25.9%,10,17.3%,,,,,
SUMMIT CITY,"23,102",51,4,7.8%,7,13.7%,3,5.9%,LOW,Elevated terrain; low vulnerability,,,
NORTH PLAINFIELD BORO,"23,072",39,24,61.5%,25,64.1%,1,2.6%,,,,,
ROSELLE BORO,"23,064",37,4,10.8%,17,45.9%,13,35.1%,,,,,
VERNON TWP,"22,879",32,5,15.6%,7,21.9%,2,6.3%,LOW,More rural/topographic protection from flooding,,,
MILLBURN TWP,"22,756",43,4,9.3%,12,27.9%,8,18.6%,,,,,
SECAUCUS TOWN,"22,710",92,61,66.3%,67,72.8%,6,6.5%,,,,,
HILLSIDE TWP,"22,690",51,3,5.9%,12,23.5%,9,17.6%,,,,,
WEST DEPTFORD TWP,"22,653",44,6,13.6%,14,31.8%,8,18.2%,,,,,
LYNDHURST TWP,"22,642",46,12,26.1%,13,28.3%,1,2.2%,,,,,
HARRISON TOWN,"22,182",42,15,35.7%,23,54.8%,8,19.1%,HIGH,Urban flooding + combined sewer overflow issues,,,
LINDENWOLD BORO,"21,919",28,2,7.1%,3,10.7%,1,3.6%,,,,,
MOORESTOWN TWP,"21,796",42,8,19.0%,13,31.0%,5,12.0%,,,,,
LOWER TWP,"21,705",46,16,34.8%,27,58.7%,11,23.9%,,,,,
ELMWOOD PARK BORO,"21,680",55,4,7.3%,16,29.1%,12,21.8%,,,,,
LITTLE EGG HARBOR TWP,"21,587",16,,0.0%,1,6.3%,1,6.3%,,,,,
PLEASANTVILLE CITY,"20,924",42,6,14.3%,7,16.7%,1,2.4%,,,,,
MORRISTOWN TOWN,"20,732",57,8,14.0%,10,17.5%,2,3.5%,,,,,
JEFFERSON TWP,"20,705",30,,0.0%,4,13.3%,4,13.3%,LOW,More rural/topographic protection from flooding,,,
HAZLET TWP,"20,641",31,7,22.6%,13,41.9%,6,19.3%,HIGH,Raritan Bay surge exposure; shoreline vulnerability,,,
PALISADES PARK BORO,"20,520",19,6,31.6%,8,42.1%,2,10.5%,,,,,
SPARTA TWP,"20,362",56,11,19.6%,14,25.0%,3,5.4%,LOW,More rural/topographic protection from flooding,,,
MAPLE SHADE TWP,"20,322",30,2,6.7%,5,16.7%,3,10.0%,,,,,
HAWTHORNE BORO,"20,006",32,9,28.1%,15,46.9%,6,18.8%,,,,,
MIDDLE TWP,"19,944",58,11,19.0%,22,37.9%,11,18.9%,,,,,
POINT PLEASANT BORO,"19,565",23,10,43.5%,16,69.6%,6,26.1%,,,,,
TINTON FALLS BORO,"19,435",59,5,8.5%,10,16.9%,5,8.4%,,,,,
ABERDEEN TWP,"19,376",32,6,18.8%,11,34.4%,5,15.6%,,,,,
RUTHERFORD BORO,"19,214",33,7,21.2%,11,33.3%,4,12.1%,,,,,
DOVER TOWN,"18,909",40,17,42.5%,25,62.5%,8,20.0%,,,,,
SOUTH ORANGE VILLAGE TWP,"18,736",29,6,20.7%,12,41.4%,6,20.7%,,,,,State shapefile label is 'South Orange Village' (no TWP); standardize for web map.
DELRAN TWP,"18,717",21,3,14.3%,4,19.0%,1,4.7%,,,,,
DUMONT BORO,"18,606",21,1,4.8%,3,14.3%,2,9.5%,,,,,
WEEHAWKEN TWP,"17,877",26,13,50.0%,14,53.8%,1,3.8%,HIGH,Dense urban coastal flooding; drainage + sea level rise,,,
CINNAMINSON TWP,"17,724",28,4,14.3%,7,25.0%,3,10.7%,,,,,
HOLMDEL TWP,"17,488",31,3,9.7%,3,9.7%,0,0.0%,,,,,
DENVILLE TWP,"17,376",32,6,18.8%,10,31.3%,4,12.5%,HIGH,Inland flooding tied to lakes/rivers + development,,,
WYCKOFF TWP,"17,366",20,1,5.0%,1,5.0%,0,0.0%,,,,,
NEW MILFORD BORO,"17,229",25,10,40.0%,12,48.0%,2,8.0%,,,,,
WARREN TWP,"16,819",33,7,21.2%,10,30.3%,3,9.1%,,,,,
NORTH ARLINGTON BORO,"16,694",40,10,25.0%,13,32.5%,3,7.5%,,,,,
MADISON BORO,"16,555",32,1,3.1%,2,6.3%,1,3.2%,LOW,Flooding not central to local narrative,,,
SOUTH RIVER BORO,"16,392",34,9,26.5%,14,41.2%,5,14.7%,,,,,
READINGTON TWP,"16,371",39,6,15.4%,7,17.9%,1,2.5%,,,,,
CLARK TWP,"16,277",35,5,14.3%,13,37.1%,8,22.8%,,,,,
ROBBINSVILLE TWP,"15,928",41,4,9.8%,5,12.2%,1,2.4%,,,,,
PEQUANNOCK TWP,"15,741",20,5,25.0%,8,40.0%,3,15.0%,,,,,
BRANCHBURG TWP,"15,619",35,4,11.4%,5,14.3%,1,2.9%,,,,,
HADDON TWP,"15,612",30,,0.0%,1,3.3%,1,3.3%,,,,,
FAIRVIEW BORO,"15,606",27,2,7.4%,4,14.8%,2,7.4%,,,,,
MANTUA TWP,"15,565",24,1,4.2%,1,4.2%,0,0.0%,,,,,
ASBURY PARK CITY,"15,473",62,7,11.3%,31,50.0%,24,38.7%,HIGH,Direct ocean exposure; storm surge + tourism/economic impact,,,
METUCHEN BORO,"15,470",40,3,7.5%,6,15.0%,3,7.5%,,,,,
TENAFLY BORO,"15,455",41,4,9.8%,15,36.6%,11,26.8%,,,,,
PHILLIPSBURG TOWN,"15,393",41,4,9.8%,5,12.2%,1,2.4%,,,,,
HIGHLAND PARK BORO,"15,386",25,1,4.0%,1,4.0%,0,0.0%,HIGH,River + dense infrastructure exposure,,,
EDGEWATER BORO,"15,116",35,20,57.1%,24,68.6%,4,11.5%,,,,,
LITTLE FALLS TWP,"15,099",31,11,35.5%,17,54.8%,6,19.3%,MED,Passaic basin flooding; infrastructure stress,,,
HANOVER TWP,"15,093",46,6,13.0%,18,39.1%,12,26.1%,,,,,
HAMMONTON TOWN,"15,036",47,3,6.4%,12,25.5%,9,19.1%,,,,,
RAMSEY BORO,"15,003",26,5,19.2%,11,42.3%,6,23.1%,,,,,
MIDDLESEX BORO,"14,874",48,13,27.1%,21,43.8%,8,16.7%,,,,,
VERONA TWP,"14,779",20,1,5.0%,2,10.0%,1,5.0%,LOW,Urban/suburban but not flood-focused narratives,,,
HOPATCONG BORO,"14,750",42,8,19.0%,9,21.4%,1,2.4%,,,,,
WOOLWICH TWP,"14,658",20,2,10.0%,3,15.0%,1,5.0%,,,,,
FLORHAM PARK BORO,"14,533",23,4,17.4%,4,17.4%,0,0.0%,,,,,
SADDLE BROOK TWP,"14,516",42,8,19.0%,23,54.8%,15,35.8%,,,,,
BERKELEY HEIGHTS TWP,"14,510",27,8,29.6%,12,44.4%,4,14.8%,,,,,
SOMERVILLE BORO,"14,428",61,20,32.8%,23,37.7%,3,4.9%,MED,Raritan basin overflow; downtown flooding risk,,,
ROSELLE PARK BORO,"14,390",31,,0.0%,18,58.1%,18,58.1%,,,,,
COLLINGSWOOD BORO,"14,344",34,5,14.7%,8,23.5%,3,8.8%,,,,,
NEW PROVIDENCE BORO,"13,957",36,14,38.9%,22,61.1%,8,22.2%,,,,,
HARRISON TWP,"13,924",28,,0.0%,1,3.6%,1,3.6%,HIGH,Urban flooding + combined sewer overflow issues,,,
CEDAR GROVE TWP,"13,766",26,4,15.4%,5,19.2%,1,3.8%,LOW,Urban/suburban but not flood-focused narratives,,,
EATONTOWN BORO,"13,582",34,3,8.8%,8,23.5%,5,14.7%,,,,,
WOODLAND PARK BORO,"13,477",25,15,60.0%,20,80.0%,5,20.0%,HIGH,Passaic River flooding; repeated FEMA events,,,
CLINTON TWP,"13,405",31,3,9.7%,3,9.7%,0,0.0%,LOW,"Inland, lower density, less flood urgency",,,
RIDGEFIELD PARK VILLAGE,"13,400",37,9,24.3%,19,51.4%,10,27.1%,,,,,
FLORENCE TWP,"13,247",25,3,12.0%,5,20.0%,2,8.0%,,,,,
LUMBERTON TWP,"13,040",21,3,14.3%,4,19.0%,1,4.7%,,,,,
OAKLAND BORO,"12,926",31,5,16.1%,7,22.6%,2,6.5%,,,,,
PENNSVILLE TWP,"12,855",25,14,56.0%,18,72.0%,4,16.0%,,,,,
RED BANK BORO,"12,830",50,8,16.0%,11,22.0%,3,6.0%,HIGH,Navesink River flooding + downtown business impact,,,
BORDENTOWN TWP,"12,732",33,6,18.2%,6,18.2%,0,0.0%,,,,,
HADDONFIELD BORO,"12,707",25,10,40.0%,10,40.0%,0,0.0%,,,,,
BOUND BROOK BORO,"12,643",33,10,30.3%,20,60.6%,10,30.3%,MED,One of NJ’s most flood-prone river towns,,,
EAST GREENWICH TWP,"12,565",22,3,13.6%,4,18.2%,1,4.6%,,,,,
FREEHOLD BORO,"12,530",33,,0.0%,1,3.0%,1,3.0%,,,,,
UPPER TWP,"12,406",32,5,15.6%,10,31.3%,5,15.7%,,,,,
GLEN ROCK BORO,"12,346",26,5,19.2%,6,23.1%,1,3.9%,,,,,
HASBROUCK HEIGHTS BORO,"12,253",20,6,30.0%,9,45.0%,3,15.0%,,,,,
RIVER EDGE BORO,"12,235",21,3,14.3%,4,19.0%,1,4.7%,,,,,
WALLINGTON BORO,"12,060",29,9,31.0%,11,37.9%,2,6.9%,,,,,
GUTTENBERG TOWN,"11,945",11,1,9.1%,1,9.1%,0,0.0%,,,,,
BELLMAWR BORO,"11,846",21,6,28.6%,6,28.6%,0,0.0%,,,,,
RINGWOOD BORO,"11,762",25,4,16.0%,11,44.0%,7,28.0%,,,,,
RIDGEFIELD BORO,"11,666",36,13,36.1%,22,61.1%,9,25.0%,,,,,
GLOUCESTER CITY,"11,618",35,21,60.0%,27,77.1%,6,17.1%,,,,,
WESTWOOD BORO,"11,434",24,8,33.3%,12,50.0%,4,16.7%,,,,,
WANAQUE BORO,"11,346",15,3,20.0%,11,73.3%,8,53.3%,,,,,
CHATHAM TWP,"11,284",19,2,10.5%,9,47.4%,7,36.9%,LOW,"Some river risk, but not dominant issue",,,
FRANKLIN LAKES BORO,"11,251",27,3,11.1%,4,14.8%,1,3.7%,,,,,
BEACHWOOD BORO,"11,242",12,2,16.7%,2,16.7%,0,0.0%,,,,,
EAST HANOVER TWP,"11,232",32,9,28.1%,10,31.3%,1,3.2%,,,,,
OCEAN CITY,"11,219",42,42,100.0%,42,100.0%,0,0.0%,HIGH,Direct Atlantic Ocean exposure; storm surge + tourism/economic risk,,,
WEST CALDWELL TWP,"11,157",26,,0.0%,15,57.7%,15,57.7%,,,,,
POMPTON LAKES BORO,"11,156",19,11,57.9%,14,73.7%,3,15.8%,,,,,
LITTLE FERRY BORO,"11,137",22,20,90.9%,20,90.9%,0,0.0%,HIGH,Hackensack River basin; some of NJ’s most flood-prone zones,,,
WANTAGE TWP,"11,087",17,3,17.6%,5,29.4%,2,11.8%,,,,,
TOTOWA BORO,"11,064",31,7,22.6%,11,35.5%,4,12.9%,HIGH,Passaic River flooding; repeated FEMA events,,,
MANVILLE BORO,"11,031",23,9,39.1%,12,52.2%,3,13.1%,HIGH,Raritan River basin; historic flooding hotspots,,,
LINCOLN PARK BORO,"11,030",24,13,54.2%,17,70.8%,4,16.6%,,,,,
PINE HILL BORO,"10,894",14,1,7.1%,3,21.4%,2,14.3%,,,,,
EAST RUTHERFORD BORO,"10,624",59,29,49.2%,34,57.6%,5,8.4%,HIGH,Hackensack River basin; some of NJ’s most flood-prone zones,,,
SOMERS POINT CITY,"10,611",19,4,21.1%,5,26.3%,1,5.2%,,,,,
SOUTH AMBOY CITY,"10,549",34,8,23.5%,15,44.1%,7,20.6%,HIGH,Raritan Bay flooding (coastal + river overlap),,,
WATERFORD TWP,"10,539",21,2,9.5%,3,14.3%,1,4.8%,,,,,
SOUTHAMPTON TWP,"10,458",32,10,31.3%,15,46.9%,5,15.6%,,,,,
RIVER VALE TWP,"10,407",13,2,15.4%,5,38.5%,3,23.1%,,,,,
WOOD-RIDGE BORO,"10,397",23,5,21.7%,5,21.7%,0,0.0%,,,,,
MILLSTONE TWP,"10,378",15,1,6.7%,2,13.3%,1,6.6%,,,,,
WALDWICK BORO,"10,308",25,3,12.0%,5,20.0%,2,8.0%,,,,,
HILLSDALE BORO,"10,266",22,10,45.5%,16,72.7%,6,27.2%,,,,,
MAYWOOD BORO,"10,221",23,2,8.7%,4,17.4%,2,8.7%,,,,,
HACKETTSTOWN TOWN,"10,182",22,3,13.6%,6,27.3%,3,13.7%,LOW,"Inland, lower density, less flood urgency",,,
MOUNT HOLLY TWP,"10,172",31,8,25.8%,14,45.2%,6,19.4%,,,,,
BURLINGTON CITY,"10,143",60,51,85.0%,55,91.7%,4,6.7%,,,,,
WOODBURY CITY,"10,138",29,5,17.2%,9,31.0%,4,13.8%,,,,,
KINNELON BORO,"10,108",26,2,7.7%,3,11.5%,1,3.8%,,,,,
CHATHAM BORO,"10,062",21,3,14.3%,4,19.0%,1,4.7%,LOW,Occasional flooding but not defining,,,
COLTS NECK TWP,"9,961",22,2,9.1%,5,22.7%,3,13.6%,,,,,
BOGOTA BORO,"9,799",18,3,16.7%,4,22.2%,1,5.5%,,,,,
MATAWAN BORO,"9,739",22,4,18.2%,6,27.3%,2,9.1%,,,,,
KEANSBURG BORO,"9,689",21,17,81.0%,21,100.0%,4,19.0%,HIGH,Bayshore communities with storm surge risk,,,
MONTVALE BORO,"9,663",20,2,10.0%,2,10.0%,0,0.0%,,,,,
PARK RIDGE BORO,"9,634",14,5,35.7%,6,42.9%,1,7.2%,,,,,
LOPATCONG TWP,"9,502",15,2,13.3%,2,13.3%,0,0.0%,,,,,
LEONIA BORO,"9,492",21,6,28.6%,7,33.3%,1,4.7%,,,,,
PLUMSTED TWP,"9,387",22,4,18.2%,9,40.9%,5,22.7%,,,,,
VENTNOR CITY,"9,372",16,15,93.8%,15,93.8%,0,0.0%,HIGH,Back bay + coastal flooding exposure,,,
WESTAMPTON TWP,"9,350",20,1,5.0%,4,20.0%,3,15.0%,,,,,
CALDWELL BORO,"9,326",11,,0.0%,0,0.0%,0,0.0%,,,,,
CRESSKILL BORO,"9,311",17,2,11.8%,6,35.3%,4,23.5%,,,,,
ABSECON CITY,"9,249",16,4,25.0%,9,56.3%,5,31.3%,,,,,
EDGEWATER PARK TWP,"9,196",8,,0.0%,0,0.0%,0,0.0%,,,,,
HALEDON BORO,"9,063",18,3,16.7%,4,22.2%,1,5.5%,,,,,
CHESTERFIELD TWP,"9,022",16,,0.0%,0,0.0%,0,0.0%,,,,,
CLAYTON BORO,"9,016",14,2,14.3%,2,14.3%,0,0.0%,,,,,
PITTSGROVE TWP,"8,972",17,1,5.9%,1,5.9%,0,0.0%,,,,,
PITMAN BORO,"8,943",22,3,13.6%,3,13.6%,0,0.0%,,,,,
BOONTON TOWN,"8,894",33,2,6.1%,2,6.1%,0,0.0%,,,,,
NORTH HALEDON BORO,"8,854",14,3,21.4%,5,35.7%,2,14.3%,,,,,
AUDUBON BORO,"8,801",13,2,15.4%,2,15.4%,0,0.0%,,,,,
CLOSTER BORO,"8,730",29,10,34.5%,20,69.0%,10,34.5%,,,,,
UPPER SADDLE RIVER BORO,"8,696",14,6,42.9%,7,50.0%,1,7.1%,,,,,
CARNEYS POINT TWP,"8,693",26,5,19.2%,13,50.0%,8,30.8%,,,,,
LONG HILL TWP,"8,692",27,14,51.9%,15,55.6%,1,3.7%,,,,,
WEST LONG BRANCH BORO,"8,604",28,,0.0%,2,7.1%,2,7.1%,,,,,
RARITAN BORO,"8,584",29,4,13.8%,6,20.7%,2,6.9%,HIGH,Raritan River basin; historic flooding hotspots,,,
KENILWORTH BORO,"8,527",35,8,22.9%,13,37.1%,5,14.2%,,,,,
NORTHFIELD CITY,"8,527",19,3,15.8%,3,15.8%,0,0.0%,,,,,
HARDYSTON TWP,"8,472",14,,0.0%,1,7.1%,1,7.1%,,,,,
NEWTON TOWN,"8,435",27,7,25.9%,7,25.9%,0,0.0%,,,,,
RUNNEMEDE BORO,"8,425",21,4,19.0%,4,19.0%,0,0.0%,,,,,
DUNELLEN BORO,"8,411",30,20,66.7%,27,90.0%,7,23.3%,,,,,
BEDMINSTER TWP,"8,356",17,4,23.5%,5,29.4%,1,5.9%,,,,,
ORADELL BORO,"8,344",17,4,23.5%,4,23.5%,0,0.0%,,,,,
SPOTSWOOD BORO,"8,306",20,3,15.0%,5,25.0%,2,10.0%,,,,,
BYRAM TWP,"8,217",25,10,40.0%,14,56.0%,4,16.0%,,,,,
GLEN RIDGE BORO,"8,204",16,2,12.5%,4,25.0%,2,12.5%,,,,,
BUTLER BORO,"8,196",18,4,22.2%,4,22.2%,0,0.0%,,,,,
RIVERSIDE TWP,"8,146",11,4,36.4%,5,45.5%,1,9.1%,,,,,
NORTH HANOVER TWP,"8,102",17,1,5.9%,2,11.8%,1,5.9%,,,,,
BERNARDSVILLE BORO,"8,020",32,6,18.8%,8,25.0%,2,6.2%,LOW,Higher elevation; minimal recurring flooding,,,
UPPER DEERFIELD TWP,"7,978",21,1,4.8%,2,9.5%,1,4.7%,,,,,
FANWOOD BORO,"7,968",19,,0.0%,0,0.0%,0,0.0%,,,,,
BLOOMINGDALE BORO,"7,795",14,5,35.7%,6,42.9%,1,7.2%,,,,,
CHESTER TWP,"7,776",14,1,7.1%,3,21.4%,2,14.3%,LOW,Higher elevation; flooding not central issue,,,
BRIGANTINE CITY,"7,697",13,13,100.0%,13,100.0%,0,0.0%,HIGH,Back bay + coastal flooding exposure,,,
BERLIN BORO,"7,614",18,1,5.6%,4,22.2%,3,16.6%,,,,,
HADDON HEIGHTS BORO,"7,588",14,1,7.1%,1,7.1%,0,0.0%,,,,,
PALMYRA BORO,"7,587",23,8,34.8%,13,56.5%,5,21.7%,,,,,
GREEN BROOK TWP,"7,451",16,7,43.8%,10,62.5%,3,18.7%,,,,,
WHARTON BORO,"7,444",21,4,19.0%,6,28.6%,2,9.6%,,,,,
EMERSON BORO,"7,413",19,3,15.8%,4,21.1%,1,5.3%,,,,,
WASHINGTON BORO,"7,375",14,,0.0%,1,7.1%,1,7.1%,,,,,
UPPER FREEHOLD TWP,"7,241",15,5,33.3%,5,33.3%,0,0.0%,,,,,
MOUNTAINSIDE BORO,"7,228",8,1,12.5%,5,62.5%,4,50.0%,,,,,
BUENA VISTA TWP,"7,197",29,3,10.3%,5,17.2%,2,6.9%,,,,,
RUMSON BORO,"7,191",23,6,26.1%,11,47.8%,5,21.7%,,,,,
STRATFORD BORO,"7,185",15,,0.0%,0,0.0%,0,0.0%,,,,,
KEYPORT BORO,"7,182",32,13,40.6%,19,59.4%,6,18.8%,,,,,
MILLTOWN BORO,"7,170",20,4,20.0%,6,30.0%,2,10.0%,,,,,
BARRINGTON BORO,"7,140",15,,0.0%,1,6.7%,1,6.7%,,,,,
MIDLAND PARK BORO,"7,104",20,6,30.0%,9,45.0%,3,15.0%,,,,,
LINWOOD CITY,"7,072",13,3,23.1%,4,30.8%,1,7.7%,,,,,
TABERNACLE TWP,"6,948",11,1,9.1%,1,9.1%,0,0.0%,,,,,
ALLENDALE BORO,"6,928",15,4,26.7%,10,66.7%,6,40.0%,,,,,
NORTH CALDWELL BORO,"6,769",12,2,16.7%,2,16.7%,0,0.0%,,,,,
ROCKAWAY BORO,"6,651",29,7,24.1%,14,48.3%,7,24.2%,,,,,
WATCHUNG BORO,"6,606",17,6,35.3%,7,41.2%,1,5.9%,,,,,
MORRIS PLAINS BORO,"6,590",18,5,27.8%,8,44.4%,3,16.6%,,,,,
SHAMONG TWP,"6,582",12,1,8.3%,6,50.0%,5,41.7%,,,,,
EASTAMPTON TWP,"6,524",8,2,25.0%,3,37.5%,1,12.5%,,,,,
CARLSTADT BORO,"6,454",52,41,78.8%,44,84.6%,3,5.8%,HIGH,Hackensack River basin; some of NJ’s most flood-prone zones,,,
OCEANPORT BORO,"6,383",20,9,45.0%,13,65.0%,4,20.0%,HIGH,Oceanfront + river convergence flooding,,,
PROSPECT PARK BORO,"6,382",11,,0.0%,1,9.1%,1,9.1%,,,,,
ROSELAND BORO,"6,370",20,3,15.0%,8,40.0%,5,25.0%,,,,,
OLD TAPPAN BORO,"6,342",13,3,23.1%,4,30.8%,1,7.7%,,,,,
NEW HANOVER TWP,"6,339",16,,0.0%,2,12.5%,2,12.5%,,,,,
PAULSBORO BORO,"6,316",26,8,30.8%,15,57.7%,7,26.9%,,,,,
LEBANON TWP,"6,237",20,2,10.0%,3,15.0%,1,5.0%,,,,,
WOODCLIFF LAKE BORO,"6,234",7,3,42.9%,4,57.1%,1,14.2%,,,,,
HAINESPORT TWP,"6,128",16,3,18.8%,5,31.3%,2,12.5%,,,,,
LOGAN TWP,"6,116",34,12,35.3%,14,41.2%,2,5.9%,,,,,
FAIR HAVEN BORO,"6,114",13,1,7.7%,4,30.8%,3,23.1%,,,,,
LITTLE SILVER BORO,"6,101",16,4,25.0%,7,43.8%,3,18.8%,,,,,
DENNIS TWP,"6,098",19,,0.0%,4,21.1%,4,21.1%,,,,,
MENDHAM TWP,"6,057",8,1,12.5%,4,50.0%,3,37.5%,LOW,Higher elevation; flooding not central issue,,,
BERLIN TWP,"6,044",10,2,20.0%,3,30.0%,1,10.0%,,,,,
ROCHELLE PARK TWP,"6,002",20,8,40.0%,11,55.0%,3,15.0%,,,,,
MOUNT ARLINGTON BORO,"5,979",12,2,16.7%,2,16.7%,0,0.0%,,,,,
HIGHTSTOWN BORO,"5,978",20,4,20.0%,7,35.0%,3,15.0%,,,,,
MANASQUAN BORO,"5,925",14,6,42.9%,12,85.7%,6,42.8%,,,,,
TEWKSBURY TWP,"5,919",8,,0.0%,0,0.0%,0,0.0%,,,,,
MULLICA TWP,"5,878",16,2,12.5%,4,25.0%,2,12.5%,,,,,
JAMESBURG BORO,"5,869",13,2,15.4%,5,38.5%,3,23.1%,,,,,
NORWOOD BORO,"5,854",8,2,25.0%,2,25.0%,0,0.0%,,,,,
BELMAR BORO,"5,846",21,9,42.9%,15,71.4%,6,28.5%,HIGH,Barrier island dynamics; recurrent tidal flooding,,,
BLAIRSTOWN TWP,"5,783",17,5,29.4%,8,47.1%,3,17.7%,,,,,
SOMERDALE BORO,"5,712",11,2,18.2%,4,36.4%,2,18.2%,,,,,
UNION BEACH BORO,"5,691",16,14,87.5%,16,100.0%,2,12.5%,HIGH,Bayshore communities with storm surge risk,,,
ANDOVER TWP,"5,685",15,,0.0%,8,53.3%,8,53.3%,,,,,
INDEPENDENCE TWP,"5,651",19,4,21.1%,5,26.3%,1,5.2%,,,,,
CLEMENTON BORO,"5,600",12,5,41.7%,9,75.0%,4,33.3%,,,,,
ALLAMUCHY TWP,"5,475",8,3,37.5%,6,75.0%,3,37.5%,,,,,
ENGLEWOOD CLIFFS BORO,"5,443",13,2,15.4%,2,15.4%,0,0.0%,,,,,
SALEM CITY,"5,369",19,8,42.1%,13,68.4%,5,26.3%,,,,,
FRANKFORD TWP,"5,349",15,4,26.7%,5,33.3%,1,6.6%,,,,,
GARWOOD BORO,"5,346",21,3,14.3%,8,38.1%,5,23.8%,,,,,
MARGATE CITY,"5,239",13,13,100.0%,13,100.0%,0,0.0%,HIGH,Back bay + coastal flooding exposure,,,
HOLLAND TWP,"5,232",15,1,6.7%,5,33.3%,4,26.6%,,,,,
MAURICE RIVER TWP,"5,184",16,4,25.0%,8,50.0%,4,25.0%,,,,,
WILDWOOD CITY,"5,098",20,19,95.0%,19,95.0%,0,0.0%,HIGH,Direct Atlantic Ocean exposure; storm surge + tourism/economic risk,,,
HARRINGTON PARK BORO,"5,088",18,8,44.4%,12,66.7%,4,22.3%,,,,,
FRANKLIN BORO,"5,059",16,2,12.5%,2,12.5%,0,0.0%,,,,,
MENDHAM BORO,"5,000",19,5,26.3%,5,26.3%,0,0.0%,LOW,Higher elevation; flooding not central issue,,,
NORTHVALE BORO,"4,979",15,6,40.0%,8,53.3%,2,13.3%,,,,,
SOUTH BOUND BROOK BORO,"4,965",6,2,33.3%,3,50.0%,1,16.7%,,,,,
DELANCO TWP,"4,953",18,4,22.2%,5,27.8%,1,5.6%,,,,,
POINT PLEASANT BEACH BORO,"4,941",22,12,54.5%,21,95.5%,9,41.0%,,,,,
DEMAREST BORO,"4,941",11,3,27.3%,3,27.3%,0,0.0%,,,,,
BRIELLE BORO,"4,938",7,2,28.6%,3,42.9%,1,14.3%,,,,,
HAMPTON TWP,"4,938",15,,0.0%,1,6.7%,1,6.7%,,,,,
PENNS GROVE BORO,"4,921",20,9,45.0%,17,85.0%,8,40.0%,,,,,
FLEMINGTON BORO,"4,905",25,2,8.0%,6,24.0%,4,16.0%,LOW,"Inland, lower density, less flood urgency",,,
SPRING LAKE HEIGHTS BORO,"4,859",14,4,28.6%,6,42.9%,2,14.3%,,,,,
ALEXANDRIA TWP,"4,845",10,,0.0%,1,10.0%,1,10.0%,,,,,
WHITE TWP,"4,729",21,4,19.0%,6,28.6%,2,9.6%,,,,,
COMMERCIAL TWP,"4,724",11,2,18.2%,5,45.5%,3,27.3%,,,,,
MOUNT EPHRAIM BORO,"4,700",13,5,38.5%,5,38.5%,0,0.0%,,,,,
MOUNTAIN LAKES BORO,"4,644",19,,0.0%,0,0.0%,0,0.0%,,,,,
NEPTUNE CITY BORO,"4,599",17,5,29.4%,12,70.6%,7,41.2%,,,,,
DELAWARE TWP,"4,592",10,3,30.0%,3,30.0%,0,0.0%,,,,,
BUENA BORO,"4,555",20,2,10.0%,2,10.0%,0,0.0%,,,,,
ELK TWP,"4,506",9,,0.0%,1,11.1%,1,11.1%,,,,,
BOONTON TWP,"4,460",9,1,11.1%,1,11.1%,0,0.0%,,,,,
EGG HARBOR CITY,"4,442",23,4,17.4%,8,34.8%,4,17.4%,,,,,
ATLANTIC HIGHLANDS BORO,"4,402",15,5,33.3%,10,66.7%,5,33.4%,HIGH,Bayshore communities with storm surge risk,,,
MAGNOLIA BORO,"4,396",6,,0.0%,0,0.0%,0,0.0%,,,,,
WESTVILLE BORO,"4,350",11,3,27.3%,5,45.5%,2,18.2%,,,,,
MEDFORD LAKES BORO,"4,347",7,4,57.1%,4,57.1%,0,0.0%,,,,,
HO-HO-KUS BORO,"4,342",14,6,42.9%,10,71.4%,4,28.5%,,,,,
HIGHLANDS BORO,"4,337",12,7,58.3%,8,66.7%,1,8.4%,HIGH,Bayshore communities with storm surge risk,,,
PILESGROVE TWP,"4,267",7,,0.0%,0,0.0%,0,0.0%,,,,,
MERCHANTVILLE BORO,"4,226",12,,0.0%,0,0.0%,0,0.0%,,,,,
LAMBERTVILLE CITY,"4,197",15,5,33.3%,12,80.0%,7,46.7%,,,,,
MINE HILL TWP,"4,171",4,,0.0%,0,0.0%,0,0.0%,,,,,
CRANBURY TWP,"4,170",25,6,24.0%,8,32.0%,2,8.0%,,,,,
SHREWSBURY BORO,"4,167",11,1,9.1%,3,27.3%,2,18.2%,,,,,
RIVERDALE BORO,"4,142",10,2,20.0%,4,40.0%,2,20.0%,,,,,
BRADLEY BEACH BORO,"4,140",8,2,25.0%,2,25.0%,0,0.0%,HIGH,Barrier island/coastal towns with chronic tidal flooding,,,
STILLWATER TWP,"4,093",6,,0.0%,2,33.3%,2,33.3%,,,,,
BORDENTOWN CITY,"4,068",16,4,25.0%,4,25.0%,0,0.0%,,,,,
OAKLYN BORO,"3,979",13,1,7.7%,1,7.7%,0,0.0%,,,,,
EAST AMWELL TWP,"3,948",10,,0.0%,2,20.0%,2,20.0%,,,,,
HARDING TWP,"3,936",9,3,33.3%,3,33.3%,0,0.0%,,,,,
NETCONG BORO,"3,925",13,1,7.7%,1,7.7%,0,0.0%,,,,,
MONTAGUE TWP,"3,880",8,,0.0%,1,12.5%,1,12.5%,,,,,
KINGWOOD TWP,"3,863",18,1,5.6%,1,5.6%,0,0.0%,,,,,
BETHLEHEM TWP,"3,774",8,1,12.5%,2,25.0%,1,12.5%,,,,,
WOODSTOWN BORO,"3,757",14,3,21.4%,4,28.6%,1,7.2%,,,,,
SOUTH TOMS RIVER BORO,"3,756",13,6,46.2%,6,46.2%,0,0.0%,,,,,
GREEN TWP,"3,712",5,,0.0%,0,0.0%,0,0.0%,,,,,
TUCKERTON BORO,"3,701",7,2,28.6%,4,57.1%,2,28.5%,,,,,
HIGH BRIDGE BORO,"3,607",16,7,43.8%,8,50.0%,1,6.2%,,,,,
STANHOPE BORO,"3,599",7,1,14.3%,2,28.6%,1,14.3%,,,,,
NORTH WILDWOOD CITY,"3,555",16,14,87.5%,15,93.8%,1,6.3%,,,,,
UPPER PITTSGROVE TWP,"3,507",10,,0.0%,0,0.0%,0,0.0%,,,,,
SOUTH HARRISON TWP,"3,472",6,,0.0%,0,0.0%,0,0.0%,,,,,
HAWORTH BORO,"3,450",11,5,45.5%,5,45.5%,0,0.0%,,,,,
SADDLE RIVER BORO,"3,443",7,2,28.6%,3,42.9%,1,14.3%,,,,,
HAMBURG BORO,"3,351",5,1,20.0%,1,20.0%,0,0.0%,,,,,
LAWNSIDE BORO,"3,333",8,1,12.5%,1,12.5%,0,0.0%,,,,,
ALLOWAY TWP,"3,327",8,,0.0%,1,12.5%,1,12.5%,,,,,
FREDON TWP,"3,316",3,,0.0%,0,0.0%,0,0.0%,,,,,
POHATCONG TWP,"3,296",13,4,30.8%,4,30.8%,0,0.0%,,,,,
MONMOUTH BEACH BORO,"3,218",9,8,88.9%,9,100.0%,1,11.1%,HIGH,Oceanfront + river convergence flooding,,,
DEERFIELD TWP,"3,216",12,,0.0%,0,0.0%,0,0.0%,,,,,
MOONACHIE BORO,"3,168",22,21,95.5%,21,95.5%,0,0.0%,HIGH,Hackensack River basin; some of NJ’s most flood-prone zones,,,
LONG BEACH TWP,"3,157",3,3,100.0%,3,100.0%,0,0.0%,,,,,
WOODBURY HEIGHTS BORO,"3,155",8,1,12.5%,1,12.5%,0,0.0%,,,,,
NATIONAL PARK BORO,"3,085",7,3,42.9%,3,42.9%,0,0.0%,,,,,
WILDWOOD CREST BORO,"3,036",11,8,72.7%,11,100.0%,3,27.3%,,,,,
WEST AMWELL TWP,"3,034",10,,0.0%,0,0.0%,0,0.0%,,,,,
WOODLYNNE BORO,"2,941",7,5,71.4%,6,85.7%,1,14.3%,,,,,
KNOWLTON TWP,"2,939",5,1,20.0%,2,40.0%,1,20.0%,,,,,
PENNINGTON BORO,"2,906",10,2,20.0%,2,20.0%,0,0.0%,,,,,
RIVERTON BORO,"2,816",9,3,33.3%,9,100.0%,6,66.7%,,,,,
CLINTON TOWN,"2,793",14,8,57.1%,8,57.1%,0,0.0%,LOW,"Inland, lower density, less flood urgency",,,
SPRING LAKE BORO,"2,781",17,6,35.3%,9,52.9%,3,17.6%,HIGH,Barrier island/coastal towns with chronic tidal flooding,,,
SWEDESBORO BORO,"2,766",9,2,22.2%,2,22.2%,0,0.0%,,,,,
WEYMOUTH TWP,"2,762",6,1,16.7%,2,33.3%,1,16.6%,,,,,
SOUTH HACKENSACK TWP,"2,752",9,6,66.7%,9,100.0%,3,33.3%,,,,,
CAPE MAY CITY,"2,742",14,8,57.1%,11,78.6%,3,21.5%,HIGH,Direct Atlantic Ocean exposure; storm surge + tourism/economic risk,,,
LAKEHURST BORO,"2,713",6,1,16.7%,1,16.7%,0,0.0%,,,,,
LIBERTY TWP,"2,700",3,1,33.3%,2,66.7%,1,33.4%,,,,,
QUINTON TWP,"2,641",9,4,44.4%,5,55.6%,1,11.2%,,,,,
PEAPACK-GLADSTONE BORO,"2,602",15,4,26.7%,5,33.3%,1,6.6%,,,,,
BELVIDERE TOWN,"2,545",12,3,25.0%,5,41.7%,2,16.7%,,,,,
BEVERLY CITY,"2,543",14,3,21.4%,3,21.4%,0,0.0%,,,,,
EAST NEWARK BORO,"2,539",8,4,50.0%,4,50.0%,0,0.0%,,,,,
HARMONY TWP,"2,538",13,1,7.7%,1,7.7%,0,0.0%,,,,,
SEASIDE HEIGHTS BORO,"2,522",10,10,100.0%,10,100.0%,0,0.0%,HIGH,Shore towns with repeated storm damage history,,,
HELMETTA BORO,"2,504",5,4,80.0%,4,80.0%,0,0.0%,,,,,
OXFORD TWP,"2,477",17,6,35.3%,8,47.1%,2,11.8%,,,,,
LAFAYETTE TWP,"2,429",11,2,18.2%,5,45.5%,3,27.3%,,,,,
ALPHA BORO,"2,357",12,4,33.3%,4,33.3%,0,0.0%,,,,,
ENGLISHTOWN BORO,"2,343",6,3,50.0%,5,83.3%,2,33.3%,,,,,
WENONAH BORO,"2,328",6,,0.0%,0,0.0%,0,0.0%,,,,,
OGDENSBURG BORO,"2,310",7,2,28.6%,2,28.6%,0,0.0%,,,,,
GIBBSBORO BORO,"2,264",12,4,33.3%,9,75.0%,5,41.7%,,,,,
FRELINGHUYSEN TWP,"2,242",3,,0.0%,0,0.0%,0,0.0%,,,,,
ESSEX FELLS BORO,"2,220",15,2,13.3%,2,13.3%,0,0.0%,,,,,
PINE BEACH BORO,"2,214",7,2,28.6%,3,42.9%,1,14.3%,,,,,
SEA ISLE CITY,"2,122",7,7,100.0%,7,100.0%,0,0.0%,HIGH,Direct Atlantic Ocean exposure; storm surge + tourism/economic risk,,,
WOODBINE BORO,"2,122",18,,0.0%,1,5.6%,1,5.6%,,,,,
SUSSEX BORO,"2,072",8,4,50.0%,4,50.0%,0,0.0%,,,,,
SEASIDE PARK BORO,"2,058",9,9,100.0%,9,100.0%,0,0.0%,HIGH,Shore towns with repeated storm damage history,,,
SANDYSTON TWP,"2,022",10,1,10.0%,3,30.0%,2,20.0%,,,,,
LAUREL SPRINGS BORO,"2,003",7,,0.0%,0,0.0%,0,0.0%,,,,,
OCEAN GATE BORO,"1,987",6,4,66.7%,6,100.0%,2,33.3%,,,,,
OLDMANS TWP,"1,946",25,5,20.0%,9,36.0%,4,16.0%,,,,,
AVON-BY-THE-SEA BORO,"1,944",13,6,46.2%,11,84.6%,5,38.4%,HIGH,Barrier island/coastal towns with chronic tidal flooding,,,
HOPEWELL BORO,"1,938",8,3,37.5%,4,50.0%,1,12.5%,LOW,More policy-oriented than impact-driven,,,
SEA GIRT BORO,"1,874",10,5,50.0%,5,50.0%,0,0.0%,HIGH,Barrier island/coastal towns with chronic tidal flooding,,,
HOPE TWP,"1,859",7,1,14.3%,3,42.9%,2,28.6%,,,,,
LAVALLETTE BORO,"1,854",6,6,100.0%,6,100.0%,0,0.0%,HIGH,Shore towns with repeated storm damage history,,,
FOLSOM BORO,"1,840",6,2,33.3%,2,33.3%,0,0.0%,,,,,
BROOKLAWN BORO,"1,831",12,6,50.0%,9,75.0%,3,25.0%,,,,,
NEWFIELD BORO,"1,812",9,2,22.2%,3,33.3%,1,11.1%,,,,,
EAGLESWOOD TWP,"1,803",6,1,16.7%,2,33.3%,1,16.6%,,,,,
ALPINE BORO,"1,774",8,1,12.5%,1,12.5%,0,0.0%,,,,,
LOWER ALLOWAYS CREEK TWP,"1,750",14,5,35.7%,10,71.4%,5,35.7%,,,,,
ALLENTOWN BORO,"1,731",10,1,10.0%,3,30.0%,2,20.0%,,,,,
ISLAND HEIGHTS BORO,"1,715",10,8,80.0%,9,90.0%,1,10.0%,,,,,
ESTELL MANOR CITY,"1,699",5,1,20.0%,1,20.0%,0,0.0%,,,,,
CHESTER BORO,"1,695",11,,0.0%,0,0.0%,0,0.0%,LOW,Higher elevation; flooding not central issue,,,
GLEN GARDNER BORO,"1,691",2,1,50.0%,2,100.0%,1,50.0%,,,,,
LEBANON BORO,"1,675",6,,0.0%,0,0.0%,0,0.0%,,,,,
LAKE COMO BORO,"1,672",3,,0.0%,1,33.3%,1,33.3%,,,,,
HARDWICK TWP,"1,623",2,1,50.0%,1,50.0%,0,0.0%,,,,,
VICTORY GARDENS BORO,"1,596",1,,0.0%,0,0.0%,0,0.0%,,,,,
WOODLAND TWP,"1,569",16,2,12.5%,5,31.3%,3,18.8%,,,,,
CHESILHURST BORO,"1,558",5,,0.0%,0,0.0%,0,0.0%,,,,,
FRENCHTOWN BORO,"1,495",10,5,50.0%,8,80.0%,3,30.0%,,,,,
FARMINGDALE BORO,"1,495",6,,0.0%,0,0.0%,0,0.0%,,,,,
MANNINGTON TWP,"1,476",14,1,7.1%,2,14.3%,1,7.2%,,,,,
HAMPTON BORO,"1,449",4,1,25.0%,1,25.0%,0,0.0%,,,,,
SEA BRIGHT BORO,"1,445",8,7,87.5%,8,100.0%,1,12.5%,,,,,
WINFIELD TWP,"1,438",3,,0.0%,0,0.0%,0,0.0%,,,,,
DOWNE TWP,"1,401",9,3,33.3%,4,44.4%,1,11.1%,,,,,
PEMBERTON BORO,"1,392",3,1,33.3%,1,33.3%,0,0.0%,,,,,
BASS RIVER TWP,"1,382",13,6,46.2%,8,61.5%,2,15.3%,,,,,
ELMER BORO,"1,377",9,2,22.2%,3,33.3%,1,11.1%,,,,,
STOW CREEK TWP,"1,342",6,,0.0%,1,16.7%,1,16.7%,,,,,
SURF CITY BORO,"1,298",8,8,100.0%,8,100.0%,0,0.0%,HIGH,Barrier island — extreme vulnerability during hurricanes,,,
MILFORD BORO,"1,226",9,7,77.8%,7,77.8%,0,0.0%,,,,,
AVALON BORO,"1,216",8,8,100.0%,8,100.0%,0,0.0%,,,,,
PORT REPUBLIC CITY,"1,131",5,1,20.0%,3,60.0%,2,40.0%,,,,,
SHIP BOTTOM BORO,"1,125",13,13,100.0%,13,100.0%,0,0.0%,HIGH,Barrier island — extreme vulnerability during hurricanes,,,
SHREWSBURY TWP,"1,076",0,,0.0%,0,0.0%,0,0.0%,,,,,No public assets in GIS export; county assigned from state list.
BEACH HAVEN BORO,"1,069",9,9,100.0%,9,100.0%,0,0.0%,HIGH,Barrier island — extreme vulnerability during hurricanes,,,
CALIFON BORO,"1,018",3,,0.0%,1,33.3%,1,33.3%,,,,,
ELSINBORO TWP,"1,016",3,1,33.3%,3,100.0%,2,66.7%,,,,,
AUDUBON PARK BORO,"1,000",1,,0.0%,0,0.0%,0,0.0%,,,,,
WEST CAPE MAY BORO,995,5,1,20.0%,4,80.0%,3,60.0%,,,,,
BAY HEAD BORO,964,7,7,100.0%,7,100.0%,0,0.0%,,,,,
HI-NELLA BORO,938,6,,0.0%,0,0.0%,0,0.0%,,,,,
FAR HILLS BORO,935,10,6,60.0%,7,70.0%,1,10.0%,,,,,
DEAL BORO,891,4,,0.0%,3,75.0%,3,75.0%,,,,,
LONGPORT BORO,884,5,5,100.0%,5,100.0%,0,0.0%,,,,,
INTERLAKEN BORO,823,3,2,66.7%,2,66.7%,0,0.0%,,,,,
BRANCHVILLE BORO,810,2,,0.0%,1,50.0%,1,50.0%,,,,,
ROOSEVELT BORO,802,3,1,33.3%,1,33.3%,0,0.0%,,,,,
BLOOMSBURY BORO,802,8,,0.0%,0,0.0%,0,0.0%,,,,,
STONE HARBOR BORO,784,7,7,100.0%,7,100.0%,0,0.0%,,,,,
ROCKY HILL BORO,755,9,3,33.3%,3,33.3%,0,0.0%,,,,,
WRIGHTSTOWN BORO,731,7,,0.0%,1,14.3%,1,14.3%,,,,,
BARNEGAT LIGHT BORO,641,4,4,100.0%,4,100.0%,0,0.0%,HIGH,Barrier island — extreme vulnerability during hurricanes,,,
ANDOVER BORO,610,1,,0.0%,1,100.0%,1,100.0%,,,,,
FIELDSBORO BORO,547,4,,0.0%,0,0.0%,0,0.0%,,,,,
WEST WILDWOOD BORO,536,4,4,100.0%,4,100.0%,0,0.0%,,,,,
STOCKTON BORO,499,2,2,100.0%,2,100.0%,0,0.0%,,,,,
CORBIN CITY,486,0,,0.0%,0,0.0%,0,0.0%,,,,,No public assets in GIS export; county assigned from state list.
ALLENHURST BORO,467,5,2,40.0%,3,60.0%,1,20.0%,,,,,
MILLSTONE BORO,455,2,2,100.0%,2,100.0%,0,0.0%,,,,,
SHILOH BORO,453,2,,0.0%,0,0.0%,0,0.0%,,,,,
ROCKLEIGH BORO,406,4,,0.0%,0,0.0%,0,0.0%,,,,,
HARVEY CEDARS BORO,402,3,3,100.0%,3,100.0%,0,0.0%,HIGH,Barrier island — extreme vulnerability during hurricanes,,,
MANTOLOKING BORO,340,3,3,100.0%,3,100.0%,0,0.0%,,,,,
CAPE MAY POINT BORO,297,6,6,100.0%,6,100.0%,0,0.0%,,,,,
LOCH ARBOUR VILLAGE,227,1,1,100.0%,1,100.0%,0,0.0%,,,,,
TETERBORO BORO,71,12,12,100.0%,12,100.0%,0,0.0%,,,,,
WALPACK TWP,7,0,,0.0%,0,0.0%,0,0.0%,,,,,No public assets in GIS export; county assigned from state list.
TAVISTOCK BORO,2,0,,0.0%,0,0.0%,0,0.0%,,,,,No public assets in GIS export; county assigned from state list.
WASHINGTON TWP (BERGEN),"9,437",12,0,0.0%,4,33.3%,4,33.3%,,,,,NEW row split from collapsed 'WASHINGTON TWP'. POP from Census 2024 (SUB-EST2024).
WASHINGTON TWP (BURLINGTON),717,4,0,0.0%,2,50.0%,2,50.0%,,,,,NEW row split from collapsed 'WASHINGTON TWP'. POP from Census 2024 (SUB-EST2024).
WASHINGTON TWP (GLOUCESTER),"49,756",50,1,2.0%,1,2.0%,0,0.0%,,,,,NEW row split from collapsed 'WASHINGTON TWP'. POP from Census 2024 (SUB-EST2024).
WASHINGTON TWP (MORRIS),"18,364",28,6,21.4%,7,25.0%,1,3.6%,,,,,NEW row split from collapsed 'WASHINGTON TWP'. POP from Census 2024 (SUB-EST2024).
WASHINGTON TWP (WARREN),"6,927",19,1,5.3%,3,15.8%,2,10.5%,,,,,Was collapsed row 'WASHINGTON TWP' (aggregate of all same-named twps); revised to WARREN only.
FRANKLIN TWP (GLOUCESTER),"16,691",39,2,5.1%,6,15.4%,4,10.3%,,,,,NEW row split from collapsed 'FRANKLIN TWP'. POP from Census 2024 (SUB-EST2024).
FRANKLIN TWP (HUNTERDON),"3,307",11,4,36.4%,4,36.4%,0,0.0%,,,,,"Was collapsed row 'FRANKLIN TWP' (aggregate of all same-named twps); revised to HUNTERDON only. | POP AMBIGUOUS: existing POP 3,021 matches Hunterdon or Warren Franklin Twp (both ~3K) - confirm"
FRANKLIN TWP (SOMERSET),"69,862",104,12,11.5%,19,18.3%,7,6.7%,,,,,NEW row split from collapsed 'FRANKLIN TWP'. POP from Census 2024 (SUB-EST2024).
FRANKLIN TWP (WARREN),"3,021",15,1,6.7%,4,26.7%,3,20.0%,,,,,NEW row split from collapsed 'FRANKLIN TWP'. POP from Census 2024 (SUB-EST2024).
GREENWICH TWP (CUMBERLAND),773,4,0,0.0%,2,50.0%,2,50.0%,,,,,NEW row split from collapsed 'GREENWICH TWP'. POP from Census 2024 (SUB-EST2024).
GREENWICH TWP (GLOUCESTER),"5,033",33,20,60.6%,25,75.8%,5,15.2%,,,,,"Was collapsed row 'GREENWICH TWP' (aggregate of all same-named twps); revised to GLOUCESTER only. | POP AMBIGUOUS: existing POP 5,528 matches Gloucester or Warren Greenwich Twp - confirm"
GREENWICH TWP (WARREN),"5,528",9,3,33.3%,5,55.6%,2,22.2%,,,,,NEW row split from collapsed 'GREENWICH TWP'. POP from Census 2024 (SUB-EST2024).
FAIRFIELD TWP (CUMBERLAND),"5,395",16,2,12.5%,2,12.5%,0,0.0%,,,,,NEW row split from collapsed 'FAIRFIELD TWP'. POP from Census 2024 (SUB-EST2024). | 1 asset was mis-tagged to Salem County in GIS (no Fairfield Twp in Salem); excluded
FAIRFIELD TWP (ESSEX),"8,204",45,31,68.9%,43,95.6%,12,26.7%,,,,,Was collapsed row 'FAIRFIELD TWP' (aggregate of all same-named twps); revised to ESSEX only.
HAMILTON TWP (ATLANTIC),"28,669",52,8,15.4%,12,23.1%,4,7.7%,,,,,NEW row split from collapsed 'HAMILTON TWP'. POP from Census 2024 (SUB-EST2024).
HAMILTON TWP (MERCER),"93,911",162,26,16.0%,50,30.9%,24,14.8%,HIGH-POPULATION,,,,Was collapsed row 'HAMILTON TWP' (aggregate of all same-named twps); revised to MERCER only.
HOPEWELL TWP (CUMBERLAND),"4,452",7,0,0.0%,0,0.0%,0,0.0%,,,,,NEW row split from collapsed 'HOPEWELL TWP'. POP from Census 2024 (SUB-EST2024).
HOPEWELL TWP (MERCER),"17,916",61,9,14.8%,14,23.0%,5,8.2%,LOW,More policy-oriented than impact-driven,,,Was collapsed row 'HOPEWELL TWP' (aggregate of all same-named twps); revised to MERCER only.
LAWRENCE TWP (CUMBERLAND),"3,130",4,0,0.0%,1,25.0%,1,25.0%,,,,,NEW row split from collapsed 'LAWRENCE TWP'. POP from Census 2024 (SUB-EST2024).
LAWRENCE TWP (MERCER),"32,388",59,10,16.9%,15,25.4%,5,8.5%,,,,,Was collapsed row 'LAWRENCE TWP' (aggregate of all same-named twps); revised to MERCER only.
MANSFIELD TWP (BURLINGTON),"9,091",14,1,7.1%,1,7.1%,0,0.0%,,,,,Was collapsed row 'MANSFIELD TWP' (aggregate of all same-named twps); revised to BURLINGTON only.
MANSFIELD TWP (WARREN),"7,889",13,1,7.7%,1,7.7%,0,0.0%,,,,,NEW row split from collapsed 'MANSFIELD TWP'. POP from Census 2024 (SUB-EST2024).
MONROE TWP (GLOUCESTER),"38,043",53,7,13.2%,10,18.9%,3,5.7%,,,,,NEW row split from collapsed 'MONROE TWP'. POP from Census 2024 (SUB-EST2024).
MONROE TWP (MIDDLESEX),"50,157",35,3,8.6%,5,14.3%,2,5.7%,HIGH-POPULATION,,,,Was collapsed row 'MONROE TWP' (aggregate of all same-named twps); revised to MIDDLESEX only.
OCEAN TWP (MONMOUTH),"27,992",48,5,10.4%,12,25.0%,7,14.6%,,,,,NEW row split from collapsed 'OCEAN TWP'. POP from Census 2024 (SUB-EST2024).
OCEAN TWP (OCEAN),"9,242",15,9,60.0%,10,66.7%,1,6.7%,HIGH,Direct Atlantic Ocean exposure; storm surge + tourism/economic risk,,,Was collapsed row 'OCEAN TWP' (aggregate of all same-named twps); revised to OCEAN only.
SPRINGFIELD TWP (BURLINGTON),"3,293",20,1,5.0%,4,20.0%,3,15.0%,,,,,NEW row split from collapsed 'SPRINGFIELD TWP'. POP from Census 2024 (SUB-EST2024).
SPRINGFIELD TWP (UNION),"17,630",33,5,15.2%,9,27.3%,4,12.1%,,,,,Was collapsed row 'SPRINGFIELD TWP' (aggregate of all same-named twps); revised to UNION only.
UNION TWP (HUNTERDON),"6,536",16,1,6.2%,3,18.8%,2,12.5%,,,,,NEW row split from collapsed 'UNION TWP'. POP from Census 2024 (SUB-EST2024).
UNION TWP (UNION),"63,171",103,15,14.6%,31,30.1%,16,15.5%,HIGH-POPULATION,,,,Was collapsed row 'UNION TWP' (aggregate of all same-named twps); revised to UNION only.
